{
    "dqn": {
        "episode_reward": {
            "mean": -72.09155298559557,
            "std": 3.3362320069681295,
            "min": -76.79945312862307,
            "max": -64.21161860373493,
            "median": -72.52468732812095
        },
        "episode_length": {
            "mean": 201.1,
            "std": 32.42360251421795,
            "min": 160.0,
            "max": 273.0,
            "median": 194.0
        },
        "lane_changes": {
            "mean": 9.05,
            "std": 1.9868316486305528,
            "min": 5.0,
            "max": 13.0,
            "median": 9.0
        },
        "lane_change_attempts": {
            "mean": 158.1,
            "std": 27.676524348263094,
            "min": 107.0,
            "max": 213.0,
            "median": 153.5
        },
        "encouraged_changes": {
            "mean": 0.0,
            "std": 0.0,
            "min": 0.0,
            "max": 0.0,
            "median": 0.0
        },
        "collisions": {
            "mean": 1.0,
            "std": 0.0,
            "min": 1.0,
            "max": 1.0,
            "median": 1.0
        },
        "average_speed": {
            "mean": 25.37510010384226,
            "std": 3.7317202248532815,
            "min": 18.198542258795058,
            "max": 31.107036262971047,
            "median": 25.694761976332323
        },
        "safe_distance_violations": {
            "mean": 6.5,
            "std": 7.060453243241541,
            "min": 0.0,
            "max": 20.0,
            "median": 4.0
        },
        "comfort_violations": {
            "mean": 18.25,
            "std": 10.606012445778102,
            "min": 0.0,
            "max": 55.0,
            "median": 18.0
        },
        "lane_distribution": {
            "fast_lane": 32.66265408270194,
            "middle_lane_1": 48.016454273333295,
            "middle_lane_2": 12.868664474802348,
            "slow_lane": 6.452227169162427
        },
        "completion_rate": {
            "mean": 0.0,
            "std": 0.0,
            "min": 0.0,
            "max": 0.0,
            "median": 0.0
        }
    }
}